{"stat.useItem.72":5,"achievement.openInventory":101,"achievement.exploreAllBiomes":{"value":0,"progress":["Desert","Plains","Hell"]},"stat.useItem.324":6,"stat.useItem.404":7,"stat.useItem.24":435,"stat.useItem.5":1,"stat.useItem.323":1,"stat.useItem.355":1,"stat.flyOneCm":593553,"stat.useItem.33":1,"stat.useItem.152":4,"stat.useItem.69":20,"stat.drop":15,"stat.damageTaken":8740,"stat.useItem.155":15,"stat.useItem.70":31,"stat.useItem.76":25,"stat.useItem.29":72,"stat.useItem.356":99,"stat.useItem.158":1,"stat.useItem.330":1,"stat.useItem.154":3,"stat.useItem.54":4,"stat.useItem.41":18,"stat.useItem.85":2,"stat.playOneMinute":135737,"stat.useItem.107":1,"stat.deaths":3,"stat.jump":322,"stat.swimOneCm":271,"stat.useItem.331":184,"stat.useItem.42":1160,"stat.useItem.137":2,"stat.useItem.12":78,"stat.walkOneCm":355126,"stat.useItem.77":3,"stat.useItem.35":5,"stat.useItem.44":409}